,Account,Type,Month,Qty,Year
0,Mobiliza Consulting S.L.,Courseware,December,1,2019
1,Capgemini Educational Services BV,Courseware,December,24,2019
2,Bouvet Norge AS,Courseware,December,6,2019
3,Teknologisk Institut,Courseware,December,5,2019
4,Global Knowledge (S.A.E),Courseware,December,10,2019
5,KAIROS DIGITAL ANALITYCS AND BIG DATA SO AND BIG DATA SO,Courseware,December,5,2019
6,"Global K, SA de CV",Courseware,December,15,2019
7,Service Centrix Ltd.,Courseware,December,4,2019
8,Global Knowledge Network Netherlands BV,Courseware,December,13,2019
9,Tecnofor Iberica S.L.U,Courseware,December,1,2019
10,"Cprime, Inc",Courseware,December,2,2019
11,Koenig Solutions Pvt. Ltd.,Courseware,December,2,2019
12,Consuldesk Solutions Private Limited,Courseware,December,21,2019
13,Tamkeen Technologies,Courseware,December,12,2019
14,SERVIEW GmbH,Courseware,December,9,2019
15,Conlea Sp. z o.o.,Courseware,December,7,2019
16,Xebia Nederland B.V. Xebia Academy,Courseware,December,1,2019
17,Cornerstone Group AB,Courseware,December,17,2019
18,IT ERA S.A. de C.V.,Courseware,December,10,2019
19,CloudTeam Sp. z o.o.,Courseware,December,4,2019
20,StarTel BV,Courseware,December,2,2019
21,Global Knowledge Training LLC,Courseware,December,24,2019
22,Zoar Consultores S.C Zoar Business Consulting,Courseware,December,1,2019
23,BiTA Service Management AB,Courseware,December,1,2019
24,Netmind SL,Courseware,December,7,2019
25,"Global K, SA de CV",Courseware,November,7,2019
26,Xebia Nederland B.V. Xebia Academy,Courseware,November,17,2019
27,BiTA Service Management AB,Courseware,November,8,2019
28,Quint Wellington Redwood Holding B.V.,Courseware,November,25,2019
29,ITSM Consulting GmbH,Courseware,November,24,2019
30,SERVIEW GmbH,Courseware,November,35,2019
31,Global Knowledge Training LLC,Courseware,November,26,2019
32,Expleo Technology Ireland Limited,Courseware,November,10,2019
33,B2B Learning,Courseware,November,4,2019
34,IT ERA S.A. de C.V.,Courseware,November,31,2019
35,Conlea Sp. z o.o.,Courseware,November,10,2019
36,Digicomp Academy AG,Courseware,November,7,2019
37,OMEC Sp. z o.o.,Courseware,November,1,2019
38,Qualiti7,Courseware,November,6,2019
39,Glasspaper Learning A/S,Courseware,November,22,2019
40,5Hart-IT Opleidingen B.V,Courseware,November,24,2019
41,Compendium Centrum Edukacyjne Sp. z o.o.,Courseware,November,24,2019
42,Ctrl Improve BV,Courseware,November,10,2019
43,Consuldesk Solutions Private Limited,Courseware,November,21,2019
44,IPRO IT Consulting Hong Kong Limited,Courseware,November,1,2019
45,Global Knowledge Network Netherlands BV,Courseware,November,6,2019
46,ISES Computrain,Courseware,November,8,2019
47,ITSM Consulting GmbH,Courseware,October,25,2019
48,Capgemini Educational Services BV,Courseware,October,17,2019
49,Netmind SL,Courseware,October,21,2019
50,Glasspaper Learning A/S,Courseware,October,4,2019
51,Westergaard A/S,Courseware,October,2,2019
52,5Hart-IT Opleidingen B.V,Courseware,October,35,2019
53,Naboek,Courseware,October,21,2019
54,Global Knowledge Saudi Arabia,Courseware,October,15,2019
55,IT ERA S.A. de C.V.,Courseware,October,25,2019
56,Expleo Netherlands B.V.,Courseware,October,12,2019
57,SERVIEW GmbH,Courseware,October,37,2019
58,Global Knowledge Network Spain SLU,Courseware,October,16,2019
59,TEAM Professional Services,Courseware,October,1,2019
60,Compendium Centrum Edukacyjne Sp. z o.o.,Courseware,October,10,2019
61,Digicomp Academy AG,Courseware,October,11,2019
62,Global Knowledge Network Netherlands BV,Courseware,October,4,2019
63,Quint Wellington Redwood Holding B.V.,Courseware,October,114,2019
64,GOPAS,Courseware,October,6,2019
65,Global Knowledge Training LLC,Courseware,October,14,2019
66,Expleo Technology Ireland Limited,Courseware,October,8,2019
67,Tecnofor Iberica S.L.U,Courseware,October,9,2019
68,"Global K, SA de CV",Courseware,October,5,2019
69,ISES Computrain,Courseware,October,9,2019
70,ITSM Consulting GmbH,Courseware,September,32,2019
71,Global Knowledge Saudi Arabia,Courseware,September,26,2019
72,Dierk Söllner,Courseware,September,1,2019
73,ETC - Enterprise Training Center GmbH Enterprise Training Ce,Courseware,September,11,2019
74,Pierre-Olivier PORTMANN,Courseware,September,8,2019
75,Xebia Nederland B.V. Xebia Academy,Courseware,September,33,2019
76,Cornerstone Group AB,Courseware,September,4,2019
77,Global Knowledge Network Netherlands BV,Courseware,September,33,2019
78,SERVIEW GmbH,Courseware,September,52,2019
79,Ordina Nederland BV,Courseware,September,10,2019
80,Glasspaper Learning A/S,Courseware,September,2,2019
81,Conlea Sp. z o.o.,Courseware,September,25,2019
82,Netmind SL,Courseware,September,22,2019
83,Bouvet Norge AS,Courseware,September,5,2019
84,5Hart-IT Opleidingen B.V,Courseware,September,6,2019
85,ISES Computrain,Courseware,September,6,2019
86,Expleo Technology Ireland Limited,Courseware,September,11,2019
87,Meriroos OU,Courseware,September,5,2019
88,Digicomp Academy AG,Courseware,September,3,2019
89,Global Knowledge Network Spain SLU,Courseware,September,4,2019
90,Teknologisk Institut,Courseware,September,2,2019
91,Compendium Centrum Edukacyjne Sp. z o.o.,Courseware,September,14,2019
92,KESS IT Consulting & Training,Courseware,September,17,2019
93,IT ERA S.A. de C.V.,Courseware,September,8,2019
94,"Network Training Center Co., Ltd",Courseware,September,1,2019
95,Glumin Networks SC,Courseware,August,15,2019
96,"Network Training Center Co., Ltd",Courseware,August,3,2019
97,SERVIEW GmbH,Courseware,August,21,2019
98,Global Knowledge Network Netherlands BV,Courseware,August,110,2019
99,ITSM Consulting GmbH,Courseware,August,6,2019
100,Digicomp Academy AG,Courseware,August,11,2019
101,Teknologisk Institut,Courseware,August,6,2019
102,Capgemini Educational Services BV,Courseware,August,16,2019
103,Conlea Sp. z o.o.,Courseware,August,10,2019
104,Ctrl Improve BV,Courseware,August,15,2019
105,Cornerstone Group AB,Courseware,August,15,2019
106,"Global K, SA de CV",Courseware,August,23,2019
107,Expleo Technology UK Limited,Courseware,August,8,2019
108,Xebia Nederland B.V. Xebia Academy,Courseware,August,22,2019
109,Sarder Inc DBA NetCom Learning,Courseware,August,10,2019
110,Quint Wellington Redwood Holding B.V.,Courseware,July,58,2019
111,Koenig Solutions Pvt. Ltd.,Courseware,July,1,2019
112,GOPAS,Courseware,July,6,2019
113,pymIT power your mind s.l.,Courseware,July,1,2019
114,Dierk Söllner,Courseware,July,10,2019
115,ITSM Consulting GmbH,Courseware,July,10,2019
116,"Global K, SA de CV",Courseware,July,3,2019
117,SERVIEW GmbH,Courseware,July,12,2019
118,"Cprime, Inc",Courseware,July,2,2019
119,Digicomp Academy AG,Courseware,July,1,2019
120,5Hart-IT Opleidingen B.V,Courseware,July,14,2019
121,Consuldesk Solutions Private Limited,Courseware,July,4,2019
122,iGovernance Academy Ltda,Courseware,July,11,2019
123,Conlea Sp. z o.o.,Courseware,July,17,2019
124,Xebia Nederland B.V. Xebia Academy,Courseware,July,2,2019
125,Quint Wellington Redwood Holding B.V.,Courseware,June,2,2019
126,IT ERA S.A. de C.V.,Courseware,June,47,2019
127,ST Electronics (e-Services) Pte Ltd,Courseware,June,3,2019
128,5Hart-IT Opleidingen B.V,Courseware,June,32,2019
129,Xebia Nederland B.V. Xebia Academy,Courseware,June,17,2019
130,SERVIEW GmbH,Courseware,June,47,2019
131,"Global K, SA de CV",Courseware,June,3,2019
132,Olingo Consulting AB,Courseware,June,3,2019
133,Global Knowledge Network Netherlands BV,Courseware,June,19,2019
134,Digicomp Academy AG,Courseware,June,24,2019
135,B2B Learning,Courseware,June,3,2019
136,Expleo Netherlands B.V.,Courseware,June,8,2019
137,Qualiti7,Courseware,June,17,2019
138,OMEC Sp. z o.o.,Courseware,June,6,2019
139,Netmind SL,Courseware,June,27,2019
140,Cornerstone Group AB,Courseware,June,3,2019
141,Quint Iberia S.L,Courseware,June,42,2019
142,Capgemini Educational Services BV,Courseware,June,15,2019
143,Wakaru Oy,Courseware,June,5,2019
144,Glasspaper Learning A/S,Courseware,May,20,2019
145,Qualiti7,Courseware,May,28,2019
146,Tecnofor Iberica S.L.U,Courseware,May,3,2019
147,Datacentralen i Södra Sverige AB,Courseware,May,14,2019
148,5Hart-IT Opleidingen B.V,Courseware,May,32,2019
149,SERVIEW GmbH,Courseware,May,8,2019
150,Xebia Nederland B.V. Xebia Academy,Courseware,May,146,2019
151,Bouvet Norge AS,Courseware,May,19,2019
152,Naboek,Courseware,May,6,2019
153,Quint Iberia S.L,Courseware,May,64,2019
154,Conlea Sp. z o.o.,Courseware,May,5,2019
155,IT ERA S.A. de C.V.,Courseware,May,14,2019
156,Global Knowledge Network Netherlands BV,Courseware,May,17,2019
157,NOVANDI CLOUD SERVICES SA DE CV,Courseware,May,1,2019
158,Global Knowledge Network Spain SLU,Courseware,May,7,2019
159,Meriroos OU,Courseware,May,5,2019
160,GOPAS,Courseware,May,12,2019
161,OMEC Sp. z o.o.,Courseware,May,1,2019
162,ISES Computrain,Courseware,May,8,2019
163,Capgemini Educational Services BV,Courseware,May,15,2019
164,Quint Malaysia,Courseware,May,5,2019
165,Teknologisk Institut,Courseware,May,1,2019
166,Digicomp Academy AG,Courseware,May,1,2019
167,Netmind SL,Courseware,April,35,2019
168,Digicomp Academy AG,Courseware,April,14,2019
169,Quint Iberia S.L,Courseware,April,63,2019
170,Quint Holding BV,Courseware,April,10,2019
171,Pierre-Olivier PORTMANN,Courseware,April,11,2019
172,Cornerstone Group AB,Courseware,April,30,2019
173,SERVIEW GmbH,Courseware,April,44,2019
174,Global Knowledge Network Netherlands BV,Courseware,April,15,2019
175,Teknologisk Institut,Courseware,April,6,2019
176,Global Knowledge Saudi Arabia,Courseware,April,22,2019
177,ILX Group plc,Courseware,April,2,2019
178,Qualiti7,Courseware,April,8,2019
179,Xebia Nederland B.V. Xebia Academy,Courseware,April,50,2019
180,Olingo Consulting AB,Courseware,April,16,2019
181,5Hart-IT Opleidingen B.V,Courseware,April,22,2019
182,Westergaard A/S,Courseware,April,3,2019
183,Quint Nederland BV,Courseware,April,9,2019
184,Tecnofor Iberica S.L.U,Courseware,April,2,2019
185,Bouvet Norge AS,Courseware,April,15,2019
186,B2B Learning,Courseware,April,4,2019
187,SERVIEW GmbH,Courseware,March,67,2019
188,Global Knowledge Training LLC,Courseware,March,20,2019
189,Pierre-Olivier PORTMANN,Courseware,March,8,2019
190,Global Knowledge Network Netherlands BV,Courseware,March,49,2019
191,Conlea Sp. z o.o.,Courseware,March,17,2019
192,Quint Iberia S.L,Courseware,March,18,2019
193,Global Knowledge Network Spain SLU,Courseware,March,15,2019
194,"Minvant Gaps, S.L",Courseware,March,8,2019
195,Wakaru Oy,Courseware,March,7,2019
196,"Global K, SA de CV",Courseware,March,15,2019
197,Yayati Consulting,Courseware,March,1,2019
198,Xebia Nederland B.V. Xebia Academy,Courseware,March,16,2019
199,Meriroos OU,Courseware,March,11,2019
200,Global Knowledge Saudi Arabia,Courseware,March,1,2019
201,Expleo Netherlands B.V.,Courseware,March,12,2019
202,ISES Computrain,Courseware,March,10,2019
203,Quint Malaysia,Courseware,March,7,2019
204,Capgemini Educational Services BV,Courseware,March,5,2019
205,Digicomp Academy AG,Courseware,March,10,2019
206,NH Bulgaria Ltd. New Horizons Ltd.,Courseware,March,7,2019
207,Tecnofor Iberica S.L.U,Courseware,March,4,2019
208,5Hart-IT Opleidingen B.V,Courseware,March,12,2019
209,KESS IT Consulting & Training,Courseware,February,10,2019
210,Global Knowledge Network Netherlands BV,Courseware,February,21,2019
211,Xebia Nederland B.V. Xebia Academy,Courseware,February,17,2019
212,ISES Computrain,Courseware,February,9,2019
213,Westergaard A/S,Courseware,February,2,2019
214,Quint Iberia S.L,Courseware,February,2,2019
215,Conlea Sp. z o.o.,Courseware,February,11,2019
216,SERVIEW GmbH,Courseware,February,52,2019
217,Métodos y Tecnología de Sistemas y,Courseware,February,10,2019
218,Qualiti7,Courseware,February,17,2019
219,Cornerstone Group AB,Courseware,February,6,2019
220,Sarder Inc DBA NetCom Learning,Courseware,February,1,2019
221,Yayati Consulting,Courseware,February,40,2019
222,Wakaru Oy,Courseware,February,7,2019
223,Leapest B.V.,Courseware,February,0,2019
224,"Global K, SA de CV",Courseware,February,15,2019
225,Bouvet Norge AS,Courseware,February,15,2019
226,NH Bulgaria Ltd. New Horizons Ltd.,Courseware,February,11,2019
227,GOPAS,Courseware,February,4,2019
228,OMEC Sp. z o.o.,Courseware,February,4,2019
229,Global Knowledge Network Netherlands BV,Courseware,January,37,2019
230,Conlea Sp. z o.o.,Courseware,January,5,2019
231,5Hart-IT Opleidingen B.V,Courseware,January,22,2019
232,Dierk Söllner,Courseware,January,5,2019
233,SERVIEW GmbH,Courseware,January,40,2019
234,Wakaru Oy,Courseware,January,21,2019
235,Xebia Nederland B.V. Xebia Academy,Courseware,January,14,2019
236,Quint Iberia S.L,Courseware,January,16,2019
237,Greengate Consult Limited,Courseware,January,9,2019
238,IT Chapter,Courseware,January,0,2019
239,GOPAS,Courseware,January,6,2019
240,Global Knowledge Network Training Ltd UK,Courseware,January,13,2019
241,Global Knowledge Network Spain SLU,Courseware,January,10,2019
242,Netmind SL,Courseware,January,23,2019
243,Capgemini Educational Services BV,Courseware,January,9,2019
244,Glasspaper Learning A/S,Courseware,January,4,2019
245,Global Knowledge Training LLC,Courseware,January,2,2019
246,NH Bulgaria Ltd. New Horizons Ltd.,Courseware,January,10,2019
247,"OpenVision Co., Ltd.",Courseware,December,1,2019
248,Eummena VZW,Courseware,December,1,2019
249,Glumin Networks SC,Courseware,November,0,2019
250,"Paratechnic, Inc. Profience Professional Skills",Courseware,November,1,2019
251,TechnoLava LLC,Courseware,October,13,2019
252,Troposphere Technologies LLC,Courseware,September,1,2019
253,Yoko BVBA,Courseware,September,1,2019
254,Grupo Sestra SAS,Courseware,September,1,2019
255,Glumin Networks SC,Courseware,September,1,2019
256,LEAN IT CONSULTANTS SDN BHD,Courseware,August,1,2019
257,Bouvet Norge AS,Courseware,August,1,2019
258,"SOLTECAP, S.A",Courseware,August,1,2019
259,Agile Visa,Courseware,July,1,2019
260,Sarder Inc DBA NetCom Learning,Courseware,July,1,2019
261,IT ERA S.A. de C.V.,Courseware,July,1,2019
262,IOWY,Courseware,June,1,2019
263,Can-Consult Services Inc.,Courseware,June,2,2019
264,"Cprime, Inc",Courseware,June,4,2019
265,Netmind SL,Courseware,May,1,2019
266,ST Electronics (e-Services) Pte Ltd,Courseware,April,1,2019
267,Megasoft,Courseware,April,3,2019
268,Planit Test Management Solutions,Courseware,April,1,2019
269,"ict-123.com, s.r.o.",Courseware,April,1,2019
270,KAIROS DIGITAL ANALITYCS AND BIG DATA SO AND BIG DATA SO,Courseware,March,1,2019
271,Cornerstone Group AB,Courseware,March,1,2019
272,Werner Consulting,Courseware,March,1,2019
273,Mangates Tech Solutions Pvt Ltd,Courseware,March,1,2019
274,"Optimal Connections, LLC",Courseware,February,1,2019
275,Shanghai Information Technology Training Center,Courseware,February,1,2019
276,RSG ICT SOLUTION AND TRAINING PTY LTD AND TRAINING PTY LTD,Courseware,February,1,2019
277,format digit,Courseware,February,1,2019
278,Westergaard A/S,Courseware,January,1,2019
279,Glumin Networks SC,Courseware,January,1,2019
280,KenVisa,Courseware,January,1,2019
281,Stratera Balance Estrategico SC,Courseware,January,1,2019
282,Enjin Solutions Inc.,Courseware,January,1,2019
283,1798027 Ontario Inc,Courseware,January,1,2019
284,Planit Test Management Solutions,Courseware,October,1,2019
285,Sarder Inc DBA NetCom Learning,Courseware,October,1,2019
286,Various Debtors ITP Store,Courseware,October,1,2019
287,KAIROS DIGITAL ANALITYCS AND BIG DATA SO AND BIG DATA SO,Courseware,September,4,2019
288,Planit Test Management Solutions,Courseware,August,1,2019
289,Various Debtors ITP Store,Courseware,August,1,2019
290,KAIROS DIGITAL ANALITYCS AND BIG DATA SO AND BIG DATA SO,Courseware,August,1,2019
291,Planit Test Management Solutions,Courseware,July,1,2019
292,Divergence Academy,Courseware,July,1,2019
293,Various Debtors ITP Store,Courseware,July,1,2019
294,Global Knowledge Network Netherlands BV,Courseware,July,1,2019
295,KAIROS DIGITAL ANALITYCS AND BIG DATA SO AND BIG DATA SO,Courseware,June,6,2019
296,Various Debtors ITP Store,Courseware,June,1,2019
297,WISDOM TECHNOLOGY,Courseware,May,1,2019
298,"DPT Consulting Group, Inc",Courseware,April,2,2019
299,KAIROS DIGITAL ANALITYCS AND BIG DATA SO AND BIG DATA SO,Courseware,April,12,2019
300,Various Debtors ITP Store,Courseware,April,1,2019
301,Ubisoft International,Courseware,April,14,2019
302,Glasspaper Learning A/S,Courseware,March,1,2019
303,Planit Test Management Solutions,Courseware,February,1,2019
304,Pipeline Srl,Courseware,February,1,2019
305,Various Debtors ITP Store,Courseware,February,2,2019
306,Sopra Steria,Courseware,February,1,2019
307,Various Debtors ITP Store,Courseware,January,1,2019
308,Sopra Steria,Courseware,January,1,2019
309,"Pultorak & Associates, Ltd",Courseware,January,6,2019
310,"Paratechnic, Inc. Profience Professional Skills",Courseware,December,15,2019
311,PMFASTRICK Education Services,Courseware,November,2,2019
312,Education Center Specialist,Courseware,November,1,2019
313,Bouvet Norge AS,Courseware,November,21,2019
314,"Minvant Gaps, S.L",Courseware,November,1,2019
315,Fast Lane Consulting Services LATAM S.A.,Courseware,November,14,2019
316,Capgemini Educational Services BV,Courseware,November,1,2019
317,Divergence Academy,Courseware,October,17,2019
318,TechnoLava LLC,Courseware,July,1,2019
319,Megasoft,Courseware,July,13,2019
320,Foster-Melliar PTY Ltd.,Courseware,July,4,2019
321,Global Knowledge Network Spain SLU,Courseware,June,11,2019
322,IT FORMACION Y SERVICIOS,Courseware,April,1,2019
323,EIGP,Courseware,October,11,2020
324,Cornerstone Group AB,Courseware,October,13,2020
325,Global Knowledge Network Netherlands BV,Courseware,October,20,2020
326,5Hart-IT Opleidingen B.V,Courseware,October,38,2020
327,BiTA Service Management AB,Courseware,October,16,2020
328,Knowledgehut Inc.,Courseware,October,30,2020
329,IT FORMACION Y SERVICIOS,Courseware,October,1,2020
330,Meriroos OU,Courseware,October,13,2020
331,IT ERA S.A. de C.V.,Courseware,October,14,2020
332,Luca Ingianni,Courseware,September,5,2020
333,Pierre-Olivier PORTMANN,Courseware,October,25,2020
334,Spectrum Networks Solutions Pvt. Ltd.,Courseware,October,2,2020
335,Readynez A/S,Courseware,October,2,2020
336,EDU Trainings s.r.o.,Courseware,October,4,2020
337,Expleo Technology Ireland Limited,Courseware,October,13,2020
338,Quint Holding BV,Courseware,September,82,2020
339,Global Knowledge Network Spain SLU,Courseware,September,5,2020
340,EIGP,Courseware,September,9,2020
341,Compendium Centrum Edukacyjne Sp. z o.o.,Courseware,September,8,2020
342,Global Knowledge Network Netherlands BV,Courseware,September,9,2020
343,5Hart-IT Opleidingen B.V,Courseware,September,25,2020
344,OMEC Sp. z o.o.,Courseware,September,3,2020
345,Global Knowledge Belgium BVBA,Courseware,September,10,2020
346,Continium as a brand of Keytorc A.S.,Courseware,September,1,2020
347,IT ERA S.A. de C.V.,Courseware,September,10,2020
348,ETC - Enterprise Training Center GmbH Enterprise Training Ce,Courseware,September,1,2020
349,Naboek,Courseware,September,10,2020
350,Expleo Technology Ireland Limited,Courseware,August,10,2020
351,Global Knowledge Network Netherlands BV,Courseware,August,13,2020
352,BusinessNow,Courseware,August,8,2020
353,OrangeCrest Consulting B.V,Courseware,August,12,2020
354,Global Knowledge Belgium BVBA,Courseware,August,32,2020
355,OMEC Sp. z o.o.,Courseware,August,4,2020
356,Quint Wellington Redwood Holding B.V.,Courseware,August,0,2020
357,Quint Holding BV,Courseware,August,13,2020
358,Spectrum Networks Solutions Pvt. Ltd.,Courseware,July,1,2020
359,Werner Consulting,Courseware,July,5,2020
360,VIDSCOLA DWC - LLC,Courseware,July,12,2020
361,EIGP,Courseware,July,31,2020
362,ITSM Consulting GmbH,Courseware,June,28,2020
363,Glumin Networks SC,Courseware,July,1,2020
364,Global Knowledge Belgium BVBA,Courseware,July,14,2020
365,"Network Training Center Co., Ltd",Courseware,July,8,2020
366,5Hart-IT Opleidingen B.V,Courseware,July,13,2020
367,Expleo Technology Ireland Limited,Courseware,July,12,2020
368,Capgemini Educational Services BV,Courseware,July,7,2020
369,Certification Hub Mexico S.C.,Courseware,July,21,2020
370,Quint Wellington Redwood Holding B.V.,Courseware,June,26,2020
371,Glumin Networks SC,Courseware,June,21,2020
372,IT ERA S.A. de C.V.,Courseware,June,10,2020
373,Global Knowledge Network Netherlands BV,Courseware,June,13,2020
374,Koenig Solutions Pvt. Ltd.,Courseware,June,3,2020
375,Stratera Balance Estrategico SC,Courseware,June,21,2020
376,Bouvet Norge AS,Courseware,May,8,2020
377,Tecnofor Iberica S.L.U,Courseware,June,20,2020
378,Quint Wellington Redwood Holding B.V.,Courseware,May,23,2020
379,ITSM Consulting GmbH,Courseware,May,3,2020
380,Meriroos OU,Courseware,May,8,2020
381,Westergaard A/S,Courseware,May,22,2020
382,Olingo Consulting AB,Courseware,May,17,2020
383,Ordina Nederland BV,Courseware,May,5,2020
384,ITSM & Call Performance Consultancy,Courseware,May,1,2020
385,Netmind SL,Courseware,May,13,2020
386,EIGP,Courseware,May,1,2020
387,Capgemini Educational Services BV,Courseware,May,4,2020
388,Global Knowledge Network Netherlands BV,Courseware,May,4,2020
389,iGovernance Academy Ltda,Courseware,May,2,2020
390,Wakaru Oy,Courseware,May,5,2020
391,Meriroos OU,Courseware,April,4,2020
392,Global Knowledge Network Netherlands BV,Courseware,April,12,2020
393,ISES Computrain,Courseware,April,4,2020
394,IT ERA S.A. de C.V.,Courseware,April,5,2020
395,Quint Wellington Redwood Holding B.V.,Courseware,April,16,2020
396,Capgemini Educational Services BV,Courseware,April,15,2020
397,Various Debtors ITP Store,Courseware,April,1,2020
398,Conlea Sp. z o.o.,Courseware,April,10,2020
399,GOPAS,Courseware,April,4,2020
400,Xebia Nederland B.V. Xebia Academy,Courseware,April,11,2020
401,Quint Wellington Redwood Holding B.V.,Courseware,March,110,2020
402,"Global K, SA de CV",Courseware,March,4,2020
403,Olingo Consulting AB,Courseware,March,6,2020
404,Global Knowledge Network Netherlands BV,Courseware,March,9,2020
405,5Hart-IT Opleidingen B.V,Courseware,March,28,2020
406,CloudTeam Sp. z o.o.,Courseware,March,16,2020
407,Capgemini Educational Services BV,Courseware,March,15,2020
408,ETC - Enterprise Training Center GmbH Enterprise Training Ce,Courseware,March,10,2020
409,Cornerstone Group AB,Courseware,March,1,2020
410,Bouvet Norge AS,Courseware,February,6,2020
411,ISES Computrain,Courseware,March,1,2020
412,Xebia Nederland B.V. Xebia Academy,Courseware,March,7,2020
413,ITSM Consulting GmbH,Courseware,March,12,2020
414,Conlea Sp. z o.o.,Courseware,March,7,2020
415,Cornerstone Group AB,Courseware,February,13,2020
416,ISES Computrain,Courseware,February,22,2020
417,Netmind SL,Courseware,February,35,2020
418,Glumin Networks SC,Courseware,February,2,2020
419,Métodos y Tecnología de Sistemas y,Courseware,February,18,2020
420,Kluwer Opleidingen,Courseware,February,4,2020
421,Global Knowledge Network Netherlands BV,Courseware,February,24,2020
422,Expleo Technology Ireland Limited,Courseware,February,12,2020
423,5Hart-IT Opleidingen B.V,Courseware,February,20,2020
424,iGovernance Academy Ltda,Courseware,February,8,2020
425,Tecnofor Iberica S.L.U,Courseware,February,20,2020
426,Olingo Consulting AB,Courseware,February,2,2020
427,IT ERA S.A. de C.V.,Courseware,February,10,2020
428,Qualiti7,Courseware,February,4,2020
429,Olingo Consulting AB,Courseware,January,5,2020
430,Bouvet Norge AS,Courseware,January,5,2020
431,Various Debtors ITP Store,Courseware,January,1,2020
432,Glasspaper Learning A/S,Courseware,January,5,2020
433,Global Knowledge Belgium BVBA,Courseware,January,8,2020
434,Global Knowledge Network Netherlands BV,Courseware,January,23,2020
435,Quint Wellington Redwood Holding B.V.,Courseware,January,88,2020
436,IT ERA S.A. de C.V.,Courseware,January,4,2020
437,Qualiti7,Courseware,January,5,2020
438,Capgemini Educational Services BV,Courseware,January,32,2020
439,Xebia Nederland B.V. Xebia Academy,Courseware,January,7,2020
440,Wakaru Oy,Courseware,January,12,2020
441,GOPAS,Courseware,January,3,2020
442,5Hart-IT Opleidingen B.V,Courseware,January,11,2020
443,ITSM Consulting GmbH,Courseware,January,9,2020
444,"ict-123.com, s.r.o.",Courseware,January,26,2020
445,Teknologisk Institut,Courseware,January,2,2020
446,Cornerstone Group AB,Courseware,January,20,2020
447,Global Knowledge Training LLC,Courseware,January,20,2020
448,iGovernance Academy Ltda,Courseware,January,11,2020
449,Agile Scaling Experts,Courseware,October,1,2020
450,Education Center Specialist,Courseware,August,1,2020
451,New Horizons Peru S.A.,Courseware,August,1,2020
452,Eberle Learning,Courseware,August,1,2020
453,Compendium Centrum Edukacyjne Sp. z o.o.,Courseware,August,1,2020
454,OTrain,Courseware,July,1,2020
455,IT ERA S.A. de C.V.,Courseware,July,1,2020
456,TEAM Professional Services,Courseware,June,1,2020
457,Cognitus IT Solutions SA de CV,Courseware,June,1,2020
458,"Global K, SA de CV",Courseware,June,1,2020
459,"Global K, SA de CV",Courseware,May,1,2020
460,Cegeka Consulting B.V.,Courseware,May,1,2020
461,Luca Ingianni,Courseware,May,1,2020
462,Continium as a brand of Keytorc A.S.,Courseware,April,1,2020
463,"OpenVision Co., Ltd.",Courseware,March,1,2020
464,Qualizens SAC,Courseware,March,1,2020
465,Yoko BVBA,Courseware,March,1,2020
466,EIGP,Courseware,March,1,2020
467,Algebra d.o.o.,Courseware,March,1,2020
468,Cognitus IT Solutions SA de CV,Courseware,March,1,2020
469,KOZAMA,Courseware,February,1,2020
470,Kessel Pok SAS,Courseware,February,1,2020
471,Foster-Melliar PTY Ltd.,Courseware,February,1,2020
472,Aykac Consulting Inc.,Courseware,February,1,2020
473,PUE Academy,Courseware,February,1,2020
474,"ict-123.com, s.r.o.",Courseware,February,1,2020
475,"Network Training Center Co., Ltd",Courseware,February,1,2020
476,DPM bvba,Courseware,February,1,2020
477,Pierre-Olivier PORTMANN,Courseware,February,1,2020
478,Stratera Balance Estrategico SC,Courseware,February,1,2020
479,IPRO IT Consulting Hong Kong Limited,Courseware,February,1,2020
480,Prozess Group,Courseware,February,1,2020
481,SMIX Consulting PTY Ltd,Courseware,February,1,2020
482,BiTA Service Management AB,Courseware,February,1,2020
483,NH Bulgaria Ltd. New Horizons Ltd.,Courseware,February,1,2020
484,Werner Consulting,Courseware,February,1,2020
485,Ctrl Improve BV,Courseware,February,1,2020
486,Meriroos OU,Courseware,February,1,2020
487,Jiti Co. Ltd,Courseware,February,1,2020
488,TEAM Professional Services,Courseware,February,1,2020
489,Xeoan Consulting and Services LLP,Courseware,February,1,2020
490,BOOTCAMP INSTITUTE SAPI DE CV,Courseware,February,1,2020
491,"Minvant Gaps, S.L",Courseware,February,1,2020
492,Defenders s.r.o.,Courseware,February,1,2020
493,Netcorp Informatica Ltda.,Courseware,February,1,2020
494,Agil80 Trainings,Courseware,February,1,2020
495,KAIROS DIGITAL ANALITYCS AND BIG DATA SO AND BIG DATA SO,Courseware,February,1,2020
496,Service Centrix Ltd.,Courseware,February,1,2020
497,Education Center Specialist,Courseware,February,1,2020
498,Budzeg Technologies Ltd.,Courseware,February,1,2020
499,RSG ICT SOLUTION AND TRAINING PTY LTD AND TRAINING PTY LTD,Courseware,February,1,2020
500,Fifalde Consulting Inc.,Courseware,February,1,2020
501,Certification Hub Mexico S.C.,Courseware,February,1,2020
502,Naboek,Courseware,February,1,2020
503,Capgemini Educational Services BV,Courseware,February,1,2020
504,Meriroos OU,Courseware,January,1,2020
505,Glumin Networks SC,Courseware,January,1,2020
506,Expleo Netherlands B.V.,Courseware,January,13,2020
507,Troposphere Technologies LLC,Courseware,January,1,2020
508,Netmind SL,Courseware,January,1,2020
509,Wakaru Oy,Courseware,October,2,2020
510,Wakaru Oy,Courseware,September,4,2020
511,Wakaru Oy,Courseware,August,5,2020
512,Global Knowledge Network Netherlands BV,Courseware,July,1,2020
513,Wakaru Oy,Courseware,July,2,2020
514,Wakaru Oy,Courseware,June,2,2020
515,Various Debtors ITP Store,Courseware,March,1,2020
516,Wakaru Oy,Courseware,February,1,2020
517,Planit Test Management Solutions,Courseware,February,2,2020
518,Various Debtors ITP Store,Courseware,August,1,2020
519,TZALOA OLLIN SAS,Courseware,July,1,2020
520,PUE Academy,Courseware,July,3,2020
521,Various Debtors ITP Store,Courseware,June,1,2020
522,Ordina Nederland BV,Courseware,June,1,2020
523,Netmind SL,Courseware,October,1,2020
524,Various Debtors ITP Store,Courseware,October,3,2020
525,Luca Ingianni,Courseware,October,8,2020
526,"Minvant Gaps, S.L",Courseware,September,1,2020
527,Expleo Netherlands B.V.,Courseware,September,2,2020
528,Ctrl Improve BV,Courseware,September,1,2020
529,BiTA Service Management AB,Courseware,September,1,2020
530,Bouvet Norge AS,Courseware,August,1,2020
531,Naboek,Courseware,August,1,2020
532,BiTA Service Management AB,Courseware,April,7,2020
533,Global Knowledge Network Spain SLU,Courseware,April,13,2020
534,Foster-Melliar PTY Ltd.,Courseware,April,1,2020
535,"Paratechnic, Inc. Profience Professional Skills",Courseware,January,17,2020
536,Olingo Consulting AB,Courseware,November,3,2020
537,Netmind SL,Courseware,November,14,2020
538,5Hart-IT Opleidingen B.V,Courseware,November,25,2020
539,Xebia Nederland B.V. Xebia Academy,Courseware,November,28,2020
540,Global Knowledge Network Netherlands BV,Courseware,November,14,2020
541,"Global K, SA de CV",Courseware,November,3,2020
542,EIGP,Courseware,November,4,2020
543,GOPAS,Courseware,November,6,2020
544,Knowledgehut Inc.,Courseware,November,30,2020
545,"GOPAS SR, a.s.",Courseware,November,1,2020
546,Capgemini Educational Services BV,Courseware,November,17,2020
547,Agilityzer Ltd,Courseware,November,1,2020
548,IT ERA S.A. de C.V.,Courseware,November,14,2020
549,Wakaru Oy,Courseware,November,2,2020
550,PUE Academy,Courseware,November,7,2020
551,Glasspaper Learning A/S,Courseware,November,1,2020
552,Ctrl Improve BV,Courseware,November,6,2020
553,IT-Consulting,Courseware,November,4,2020
554,ALTEN Nederland BV,Courseware,November,1,2020
555,Pipeline Srl,Courseware,November,9,2020
556,B2B Learning,Courseware,November,5,2020
557,Xebia Nederland B.V. Xebia Academy,Courseware,December,6,2020
558,Expleo Technology Ireland Limited,Courseware,December,7,2020
559,Capgemini Educational Services BV,Courseware,December,16,2020
560,Global Knowledge Network Netherlands BV,Courseware,December,21,2020
561,Spectrum Networks Solutions Pvt. Ltd.,Courseware,December,1,2020
562,Innovation Consulting Group,Courseware,December,1,2020
563,Compendium Centrum Edukacyjne Sp. z o.o.,Courseware,December,5,2020
564,ETC - Enterprise Training Center GmbH Enterprise Training Ce,Courseware,December,12,2020
565,Olingo Consulting AB,Courseware,December,6,2020
566,5Hart-IT Opleidingen B.V,Courseware,December,12,2020
567,Wakaru Oy,Courseware,December,2,2020
568,Quint Holding BV,Courseware,November,128,2020
569,Netmind SL,Courseware,December,30,2020
570,ISES Computrain,Courseware,December,5,2020
571,Can-Consult Services Inc.,Courseware,January,1,2021
572,YOMI GULUMSEMEK PVT LTD,Courseware,January,1,2021
573,Global Knowledge Network Netherlands BV,Courseware,January,11,2021
574,ISES Computrain,Courseware,January,18,2021
575,Glasspaper Learning A/S,Courseware,January,1,2021
576,Luca Ingianni,Courseware,January,1,2021
577,Capgemini Educational Services BV,Courseware,January,46,2021
578,5Hart-IT Opleidingen B.V,Courseware,January,10,2021
579,Ordina Nederland BV,Courseware,January,8,2021
580,Wakaru Oy,Courseware,January,4,2021
581,VIDSCOLA DWC - LLC,Courseware,January,13,2021
582,Mass Evolutions,Courseware,January,1,2021
583,BiTA Service Management AB,Courseware,January,3,2021
584,ISES Computrain,Courseware,February,3,2021
585,Lite Thinking,Courseware,February,1,2021
586,Knowit Cloud AB,Courseware,February,13,2021
587,Global Knowledge Network Netherlands BV,Courseware,February,12,2021
588,Bouvet Norge AS,Courseware,February,6,2021
589,Sopra Steria,Courseware,February,1,2021
590,Wakaru Oy,Courseware,February,1,2021
591,iGovernance Academy Ltda,Courseware,February,38,2021
592,TSOFT,Courseware,February,16,2021
593,ALTEN Nederland BV,Courseware,February,8,2021
594,5Hart-IT Opleidingen B.V,Courseware,February,24,2021
595,"Global K, SA de CV",Courseware,February,4,2021
596,Ordina Nederland BV,Courseware,February,1,2021
597,Capgemini Educational Services BV,Courseware,February,26,2021
598,Expleo Technology Ireland Limited,Courseware,March,5,2021
599,Bouvet Norge AS,Courseware,March,2,2021
600,Continium as a brand of Keytorc A.S.,Courseware,March,2,2021
601,iGovernance Academy Ltda,Courseware,March,15,2021
602,IT ERA S.A. de C.V.,Courseware,March,26,2021
603,ISES Computrain,Courseware,March,1,2021
604,5Hart-IT Opleidingen B.V,Courseware,March,8,2021
605,Naboek,Courseware,March,9,2021
606,Global Knowledge Network Netherlands BV,Courseware,March,13,2021
607,AYKAN TEKNOLOJI S T A S,Courseware,March,1,2021
608,Global Knowledge Network Training Ltd UK,Courseware,April,1,2021
609,Global Knowledge Network Netherlands BV,Courseware,April,8,2021
610,SmartUpswing,Courseware,April,1,2021
611,Capgemini Educational Services BV,Courseware,April,41,2021
612,5Hart-IT Opleidingen B.V,Courseware,April,12,2021
613,International Institute for Learning,Courseware,April,11,2021
614,Studio Nicolo Reale,Courseware,April,2,2021
615,Sopra Steria,Courseware,April,5,2021
616,Olingo Consulting AB,Courseware,April,3,2021
617,Meriroos OU,Courseware,April,13,2021
618,Sarder Inc DBA NetCom Learning,Courseware,April,25,2021
619,Agile Class Chile,Courseware,May,1,2021
620,Conlea Sp. z o.o.,Courseware,May,7,2021
621,5Hart-IT Opleidingen B.V,Courseware,May,17,2021
622,Sopra Steria,Courseware,May,4,2021
623,Capgemini Educational Services BV,Courseware,May,3,2021
624,"Global K, SA de CV",Courseware,May,3,2021
625,Olingo Consulting AB,Courseware,May,10,2021
626,GOPAS,Courseware,May,5,2021
627,Global Knowledge Network Netherlands BV,Courseware,May,1,2021
628,EIGP,Courseware,May,21,2021
629,Cornerstone Group AB,Courseware,May,3,2021
630,Capgemini Educational Services BV,Courseware,June,11,2021
631,Bouvet Norge AS,Courseware,June,7,2021
632,OMEC Sp. z o.o.,Courseware,June,7,2021
633,ETC - Enterprise Training Center GmbH,Courseware,June,3,2021
634,Ordina Nederland BV,Courseware,June,8,2021
635,Global Knowledge Network Training Ltd UK,Courseware,June,12,2021
636,Global Knowledge Network Netherlands BV,Courseware,June,10,2021
637,5Hart-IT Opleidingen B.V,Courseware,June,7,2021
638,Sopra Steria,Courseware,June,1,2021
639,Wakaru Oy,Courseware,June,2,2021
640,Tecnofor Iberica S.L.U,Courseware,June,6,2021
641,"Global K, SA de CV",Courseware,June,4,2021
642,Luca Ingianni,Courseware,June,13,2021
643,Xebia Nederland B.V. Xebia Academy,Courseware,June,8,2021
644,Luca Ingianni,Courseware,July,25,2021
645,Global Knowledge Network Netherlands BV,Courseware,July,4,2021
646,Cegeka Nederland BV,Courseware,July,1,2021
647,5Hart-IT Opleidingen B.V,Courseware,July,12,2021
648,IT-Consulting,Courseware,July,4,2021
649,EIGP,Courseware,July,13,2021
650,Werner Consulting,Courseware,July,12,2021
651,Ordina Nederland BV,Courseware,July,1,2021
652,Wakaru Oy,Courseware,July,2,2021
653,pymIT power your mind s.l.,Courseware,July,1,2021
654,Pipeline Srl,Courseware,August,1,2021
655,GOPAS,Courseware,August,9,2021
656,"GOPAS SR, a.s.",Courseware,August,1,2021
657,Global Knowledge Network Netherlands BV,Courseware,August,12,2021
658,Sopra Steria,Courseware,August,1,2021
659,5Hart-IT Opleidingen B.V,Courseware,August,14,2021
660,Naboek,Courseware,August,11,2021
661,Capgemini Educational Services BV,Courseware,August,20,2021
662,Ordina Nederland BV,Courseware,August,10,2021
663,Tecnofor Iberica S.L.U,Courseware,August,9,2021
664,Olingo Consulting AB,Courseware,August,6,2021
665,Wakaru Oy,Courseware,August,1,2021
666,ETC - Enterprise Training Center GmbH,Courseware,September,3,2021
667,5Hart-IT Opleidingen B.V,Courseware,September,33,2021
668,TECNASA U Learning Centers,Courseware,September,1,2021
669,Global Knowledge Network Netherlands BV,Courseware,September,14,2021
670,EIGP,Courseware,September,17,2021
671,Bouvet Norge AS,Courseware,September,9,2021
672,Wakaru Oy,Courseware,September,1,2021
673,Pierre-Olivier PORTMANN,Courseware,September,17,2021
674,ISES Computrain,Courseware,September,5,2021
675,Continium as a brand of Keytorc A.S.,Courseware,September,6,2021
676,B2B Learning,Courseware,September,2,2021
677,Tecnofor Iberica S.L.U,Courseware,September,1,2021
678,Wakaru Oy,Courseware,October,1,2021
679,Sopra Steria,Courseware,October,7,2021
680,Dierk Söllner,Courseware,October,10,2021
681,ISES Computrain,Courseware,October,19,2021
682,Ctrl Improve BV,Courseware,October,13,2021
683,EDU Trainings s.r.o.,Courseware,October,22,2021
684,Olingo Consulting AB,Courseware,October,4,2021
685,EIGP,Courseware,October,7,2021
686,"ict-123.com, s.r.o.",Courseware,October,8,2021
687,Global Knowledge Network Netherlands BV,Courseware,October,5,2021
688,Luca Ingianni,Courseware,October,11,2021
689,Bouvet Norge AS,Courseware,October,10,2021
690,iGovernance Academy Ltda,Courseware,October,33,2021
691,Xebia Nederland B.V. Xebia Academy,Courseware,November,9,2021
692,iGovernance Academy Ltda,Courseware,November,17,2021
693,Luca Ingianni,Courseware,November,8,2021
694,Dierk Söllner,Courseware,November,15,2021
695,ISES Computrain,Courseware,November,2,2021
696,"Global K, SA de CV",Courseware,November,44,2021
697,5Hart-IT Opleidingen B.V,Courseware,November,7,2021
698,Capgemini Educational Services BV,Courseware,November,4,2021
699,Sopra Steria,Courseware,November,3,2021
700,Tecnofor Iberica S.L.U,Courseware,November,2,2021
701,Suerte Advies & Training B.V. Suerte Academy,Courseware,November,3,2021
702,Global Knowledge Network Netherlands BV,Courseware,November,8,2021
703,Cornerstone Group AB,Courseware,November,8,2021
704,pymIT power your mind s.l.,Courseware,November,1,2021
705,Global Knowledge Network Spain SLU,Courseware,November,7,2021
706,ETC - Enterprise Training Center GmbH,Courseware,November,9,2021
707,Compendium Centrum Edukacyjne Sp. z o.o.,Courseware,November,4,2021
708,GOPAS,Courseware,November,6,2021
709,Wakaru Oy,Courseware,November,1,2021
710,EIGP,Courseware,December,1,2021
711,ISES Computrain,Courseware,December,11,2021
712,Global Knowledge Network Netherlands BV,Courseware,December,11,2021
713,Xebia Nederland B.V. Xebia Academy,Courseware,December,10,2021
714,Luca Ingianni,Courseware,December,10,2021
715,5Hart-IT Opleidingen B.V,Courseware,December,10,2021
716,B2B Learning,Courseware,December,1,2021
717,Sopra Steria,Courseware,December,3,2021
718,Mass Evolutions,Courseware,December,1,2021
719,KAIROS DIGITAL ANALITYCS AND BIG DATA SO AND BIG DATA SO,Courseware,December,11,2021
720,iGovernance Academy Ltda,Courseware,December,40,2021
721,Danielle van Bree,Courseware,May,1,2021
722,Thiemo Spiegelaar,Courseware,May,1,2021
723,Katja Balakrishnan,Courseware,June,1,2021
724,Christer Engman,Courseware,July,1,2021
725,Jaime Alberto Tristan,Courseware,September,1,2021
726,David Sampimon,Courseware,September,1,2021
727,APG p/a Conclusion Learning Centers,Courseware,August,1,2021
728,Quint Holding BV,Courseware,September,6,2021
729,Quint Holding BV,Courseware,July,13,2021
730,Quint Holding BV,Courseware,August,4,2021
731,Petr Holan,Courseware,November,1,2021
732,Quint Holding BV,Courseware,October,31,2021
733,Quint Holding BV,Courseware,November,17,2021
734,Quint Holding BV,Courseware,December,29,2021
735,Global Knowledge Network Netherlands BV,Courseware,January,12,2022
736,ISES Computrain,Courseware,January,8,2022
737,Sopra Steria,Courseware,January,3,2022
738,Iverson Associates Sdn. Bhd,Courseware,January,13,2022
739,Pierre-Olivier PORTMANN,Courseware,January,3,2022
740,Bouvet Norge AS,Courseware,January,17,2022
741,Global Knowledge Network Training Ltd UK,Courseware,January,16,2022
742,Expleo Technology Ireland Limited,Courseware,January,16,2022
743,Wakaru Oy,Courseware,January,2,2022
744,Cegeka Nederland BV,Courseware,January,1,2022
745,Suerte Advies & Training B.V. Suerte Academy,Courseware,January,1,2022
746,Luca Ingianni,Courseware,January,1,2022
747,TSOFT,Courseware,February,12,2022
748,Sopra Steria,Courseware,February,2,2022
749,Ordina Nederland BV,Courseware,February,15,2022
750,5Hart-IT Opleidingen B.V,Courseware,February,27,2022
751,Global Knowledge Network Netherlands BV,Courseware,February,1,2022
752,ISES Computrain,Courseware,February,22,2022
753,"Network Training Center Co., Ltd",Courseware,February,8,2022
754,Marosel,Courseware,February,6,2022
755,Bouvet Norge AS,Courseware,February,6,2022
756,Dierk Söllner,Courseware,February,7,2022
757,Capgemini Educational Services BV,Courseware,February,9,2022
758,Ctrl Improve BV,Courseware,March,24,2022
759,"Network Training Center Co., Ltd",Courseware,March,1,2022
760,OMEC Sp. z o.o.,Courseware,March,1,2022
761,Tecnofor Iberica S.L.U,Courseware,March,2,2022
762,ETC - Enterprise Training Center GmbH,Courseware,March,4,2022
763,Métodos y Tecnología de Sistemas y,Courseware,March,22,2022
764,Global Knowledge Network Netherlands BV,Courseware,March,13,2022
765,Sopra Steria,Courseware,March,2,2022
766,iGovernance Academy Ltda,Courseware,March,35,2022
767,Capgemini Educational Services BV,Courseware,March,14,2022
768,ISES Computrain,Courseware,March,6,2022
769,Ordina Nederland BV,Courseware,March,9,2022
770,GOPAS,Courseware,March,2,2022
771,Global Knowledge Network Netherlands BV,Courseware,April,47,2022
772,iGovernance Academy Ltda,Courseware,April,15,2022
773,Sopra Steria,Courseware,April,5,2022
774,Bouvet Norge AS,Courseware,April,11,2022
775,Capgemini Educational Services BV,Courseware,April,13,2022
776,Pierre-Olivier PORTMANN,Courseware,April,25,2022
777,5Hart-IT Opleidingen B.V,Courseware,April,5,2022
778,EDU Trainings s.r.o.,Courseware,April,5,2022
779,Werner Consulting,Courseware,April,13,2022
780,Global Knowledge Network Netherlands BV,Courseware,May,24,2022
781,Werner Consulting,Courseware,May,4,2022
782,Capgemini Educational Services BV,Courseware,May,7,2022
783,ISES Computrain,Courseware,May,26,2022
784,Meriroos OU,Courseware,May,7,2022
785,"Minvant Gaps, S.L",Courseware,May,35,2022
786,Ordina Nederland BV,Courseware,May,1,2022
787,Ctac,Courseware,May,1,2022
788,Olingo Consulting AB,Courseware,May,5,2022
789,Bouvet Norge AS,Courseware,May,16,2022
790,EDU Trainings s.r.o.,Courseware,June,3,2022
791,Xebia Nederland B.V. Xebia Academy,Courseware,June,17,2022
792,Olingo Consulting AB,Courseware,June,4,2022
793,TECNASA U Learning Centers,Courseware,June,8,2022
794,Expleo Technology Ireland Limited,Courseware,June,12,2022
795,Global Knowledge Network Netherlands BV,Courseware,June,12,2022
796,Tecnofor Iberica S.L.U,Courseware,June,1,2022
797,"Global K, SA de CV",Courseware,June,11,2022
798,5Hart-IT Opleidingen B.V,Courseware,June,28,2022
799,Sopra Steria,Courseware,June,1,2022
800,ETC - Enterprise Training Center GmbH,Courseware,June,3,2022
801,ISES Computrain,Courseware,June,20,2022
802,Cornerstone Group AB,Courseware,June,4,2022
803,Capgemini Educational Services BV,Courseware,June,15,2022
804,Pierre-Olivier PORTMANN,Courseware,June,2,2022
805,Dierk Söllner,Courseware,June,8,2022
806,iGovernance Academy Ltda,Courseware,June,15,2022
807,EIGP,Courseware,June,1,2022
808,Global Knowledge Network Spain SLU,Courseware,July,7,2022
809,Sopra Steria,Courseware,July,2,2022
810,5Hart-IT Opleidingen B.V,Courseware,July,15,2022
811,Pierre-Olivier PORTMANN,Courseware,July,14,2022
812,Xebia Nederland B.V. Xebia Academy,Courseware,July,6,2022
813,iGovernance Academy Ltda,Courseware,July,35,2022
814,Bouvet Norge AS,Courseware,July,6,2022
815,EIGP,Courseware,July,5,2022
816,"ict-123.com, s.r.o.",Courseware,July,1,2022
817,"Global K, SA de CV",Courseware,July,8,2022
818,Sopra Steria,Courseware,August,2,2022
819,Ctac,Courseware,August,1,2022
820,ETC - Enterprise Training Center GmbH,Courseware,August,12,2022
821,Bouvet Norge AS,Courseware,August,12,2022
822,Alyx Custom Software,Courseware,August,1,2022
823,Global Knowledge Network Training Ltd UK,Courseware,August,5,2022
824,Ordina Nederland BV,Courseware,August,8,2022
825,5Hart-IT Opleidingen B.V,Courseware,August,13,2022
826,GOPAS,Courseware,August,7,2022
827,Envite Consulting,Courseware,August,1,2022
828,NobleProg MEA,Courseware,August,3,2022
829,Global Knowledge Network Netherlands BV,Courseware,August,20,2022
830,Capgemini Educational Services BV,Courseware,August,11,2022
831,Capgemini Educational Services BV,Courseware,September,32,2022
832,ETC - Enterprise Training Center GmbH,Courseware,September,3,2022
833,Global Knowledge Network Netherlands BV,Courseware,September,9,2022
834,Bouvet Norge AS,Courseware,September,1,2022
835,ISES Computrain,Courseware,September,36,2022
836,Global Knowledge Network Training Ltd UK,Courseware,September,16,2022
837,Steve Force Consulting,Courseware,September,1,2022
838,Suerte Advies & Training B.V. Suerte Academy,Courseware,September,1,2022
839,Xebia Nederland B.V. Xebia Academy,Courseware,September,8,2022
840,IT ERA S.A. de C.V.,Courseware,September,1,2022
841,Expleo Technology Ireland Limited,Courseware,September,8,2022
842,5Hart-IT Opleidingen B.V,Courseware,September,21,2022
843,EIGP,Courseware,September,10,2022
844,GOPAS,Courseware,October,4,2022
845,Bouvet Norge AS,Courseware,October,12,2022
846,Ctac,Courseware,October,5,2022
847,iGovernance Academy Ltda,Courseware,October,54,2022
848,Pierre-Olivier PORTMANN,Courseware,October,7,2022
849,Continium as a brand of Keytorc A.S.,Courseware,October,8,2022
850,TECNASA U Learning Centers,Courseware,October,6,2022
851,ISES Computrain,Courseware,October,53,2022
852,Olingo Consulting AB,Courseware,October,4,2022
853,Pierre-Olivier PORTMANN,Courseware,September,6,2022
854,5Hart-IT Opleidingen B.V,Courseware,October,32,2022
855,Global Knowledge Network Netherlands BV,Courseware,October,32,2022
856,EIGP,Courseware,October,7,2022
857,Sopra Steria,Courseware,October,1,2022
858,Intelligence Sandbox (M) Sdn Bhd,Courseware,October,1,2022
859,Cornerstone Group AB,Courseware,November,3,2022
860,Luca Ingianni,Courseware,November,6,2022
861,ETC - Enterprise Training Center GmbH,Courseware,November,4,2022
862,Global Knowledge Network Spain SLU,Courseware,November,14,2022
863,Iverson Associates Sdn. Bhd,Courseware,November,15,2022
864,ISES Computrain,Courseware,November,22,2022
865,Global Knowledge Network Netherlands BV,Courseware,November,8,2022
866,Wakaru Oy,Courseware,November,1,2022
867,ALTEN Nederland BV,Courseware,November,10,2022
868,Métodos y Tecnología de Sistemas y,Courseware,November,6,2022
869,EDU Trainings s.r.o.,Courseware,November,2,2022
870,Sopra Steria,Courseware,November,1,2022
871,Xebia Nederland B.V. Xebia Academy,Courseware,November,18,2022
872,Capgemini Educational Services BV,Courseware,November,1,2022
873,Bouvet Norge AS,Courseware,November,27,2022
874,Meriroos OU,Courseware,November,14,2022
875,Pipeline Srl,Courseware,November,6,2022
876,GOPAS,Courseware,November,8,2022
877,Sopra Steria,Courseware,December,2,2022
878,Capgemini Educational Services BV,Courseware,December,15,2022
879,5Hart-IT Opleidingen B.V,Courseware,December,8,2022
880,Global Knowledge Network Netherlands BV,Courseware,December,5,2022
881,"Network Training Center Co., Ltd",Courseware,December,16,2022
882,B2B Learning,Courseware,January,1,2023
883,"Network Training Center Co., Ltd",Courseware,January,1,2023
884,ISES Computrain,Courseware,January,82,2023
885,Global Knowledge Network Netherlands BV,Courseware,January,6,2023
886,Fifalde Consulting Inc.,Courseware,January,1,2023
887,Knowit Solutions Oy,Courseware,January,21,2023
888,Suerte Advies & Training B.V. Suerte Academy,Courseware,January,1,2023
889,Bouvet Norge AS,Courseware,January,1,2023
890,Netmind SL,Courseware,January,1,2023
891,5Hart-IT Opleidingen B.V,Courseware,February,10,2023
892,GOPAS,Courseware,February,4,2023
893,Bouvet Norge AS,Courseware,February,35,2023
894,Sopra Steria,Courseware,February,3,2023
895,ISES Computrain,Courseware,February,22,2023
896,ETC - Enterprise Training Center GmbH,Courseware,February,12,2023
897,Ordina Nederland BV,Courseware,February,1,2023
898,Cegeka Nederland BV,Courseware,March,18,2023
899,Joan Alba Villegas,Courseware,March,1,2023
900,pymIT power your mind s.l.,Courseware,March,1,2023
901,Capgemini Educational Services BV,Courseware,March,5,2023
902,Noguera krb LLC,Courseware,March,1,2023
903,"Global K, SA de CV",Courseware,March,13,2023
904,Ordina Nederland BV,Courseware,March,9,2023
905,Bouvet Norge AS,Courseware,March,8,2023
906,Global Knowledge Network Netherlands BV,Courseware,March,8,2023
907,ISES Computrain,Courseware,March,1,2023
908,5Hart-IT Opleidingen B.V,Courseware,March,6,2023
